dataset,model_name,conv_model,img_file,greedy,beam,title,ingrs,recipe
train,model,Resnet50,vodka-spiked-cherry-tomatoes-with-pepper-salt-354490.jpg,True,-1,Sweet potato salad with sweet potatoes,"['salt', 'oil', 'pepper', 'potato', 'vinegar', 'seed', 'egg', 'lemon', 'juice', 'sea']","['Preheat oven to 350â°f. toss potatoes, oil, vinegar, and 1 tsp. salt in a large bowl. add eggs and toss to coat.', 'Toss potatoes, and season with salt and pepper.', 'Toss potatoes, and 1 tbsp. oil in a large bowl. season with salt and pepper.']"
train,model,Resnet50,spicy-adobo-shrimp-cocktail-354493.jpg,True,-1,Red onion and red onion,"['oil', 'salt', 'pepper', 'garlic', 'onion', 'juice', 'lemon', 'water', 'vinegar']","['Heat oil in a large heavy pot over medium heat. add onion and cook, stirring occasionally, until softened, about 5 minutes. add onion and cook, stirring occasionally, until fragrant, about 5 minutes. add onion and cook, stirring, until fragrant, about 5 minutes. add onion and cook, stirring, until fragrant, about 2 minutes. add vinegar and cook, stirring, until fragrant, about 2 minutes. add vinegar and cook, stirring occasionally, until thickened, about 2 minutes. add pasta and cook, stirring occasionally, until thickened, about 2 minutes. add pasta and cook, stirring occasionally, until thickened, about 2 minutes. add pasta and stir to taste and serve.']"
train,model,Resnet50,plum-kuchen-354489.jpg,True,-1,Gluten-free cake,"['salt', 'sugar', 'butter', 'egg', 'flour', 'vanilla', 'cream', 'pan', 'soda']","['Preheat oven to 350â°f. butter a 9-inch round cake pan with parchment paper.', 'Whisk flour, baking powder, baking soda, baking soda, baking soda, baking soda, baking soda, and salt in a medium bowl.', 'Whisk together flour, baking soda, baking soda, baking soda, baking soda, and salt in a medium bowl.', 'Beat butter in a large bowl until combined. add eggs and beat in vanilla and vanilla. add eggs and vanilla. add eggs and vanilla and vanilla. add eggs and vanilla and vanilla.', 'Bake until just comes out clean, about 25 minutes.', 'Bake cake pan and bake until golden brown, about 25 minutes.']"
train,model,Resnet50,tangy-frozen-greek-yogurt-354476.jpg,True,-1,Strawberry and cream,"['sugar', 'salt', 'cream', 'juice', 'lemon', 'vanilla', 'egg', 'water', 'milk']","['Whisk together milk, sugar, salt, and salt in a medium bowl until sugar has dissolved. add eggs and vanilla and stir to combine.', 'Whisk egg yolks, lemon juice, and salt in a medium bowl. add eggs and vanilla and stir to combine.', 'Whisk egg yolks and vanilla in a medium bowl. add egg mixture and stir until smooth.', 'Divide batter among glasses. top with a few times.']"
train,model,Resnet50,grilled-herb-potatoes-354496.jpg,True,-1,Grilled red onion and onion,"['salt', 'oil', 'pepper', 'garlic', 'onion', 'lemon', 'egg', 'vinegar', 'juice']","['Preheat oven to 400â°f. toss onion, oil, garlic, and salt in a large bowl. add onion and toss to coat.', 'Toss onion, onion, and lemon juice in a large bowl. season with salt and pepper.', 'Heat oil in a large skillet over medium-high. add onion and cook, stirring occasionally, until golden brown, about 5 minutes. add onion and cook, stirring occasionally, until golden, about 2 minutes. add eggs and cook, stirring occasionally, until just tender, about 2 minutes. add eggs and cook, stirring occasionally, until just tender, about 2 minutes. add eggs and cook, stirring occasionally, until just tender, about 2 minutes.', 'Add pasta and cook, stirring occasionally,']"
train,model,Resnet50,lemon-ice-cream-sandwiches-with-blueberry-swirl-354515.jpg,True,-1,Spiced chocolate cake,"['salt', 'sugar', 'butter', 'egg', 'flour', 'vanilla', 'cream', 'pan', 'soda', 'juice', 'lemon', 'zest', 'cinnamon']","['Preheat oven to 350â°f. butter a 9-inch round cake pan with parchment paper.', 'Whisk together flour, baking soda, baking soda, baking soda, baking soda, baking soda, and salt in a medium bowl.', 'Whisk together flour, baking soda, baking soda, baking soda, baking soda, and salt in a medium bowl.', 'Whisk together flour mixture, baking soda, baking soda, and vanilla in a medium bowl until combined. add eggs and vanilla and vanilla.', 'Beat in vanilla and vanilla in a medium bowl until combined. add eggs and vanilla and vanilla. add eggs and vanilla and vanilla and vanilla.', 'Divide batter among muffin cups. bake until firm, about 25 minutes.', 'Bake cake pan and bake until tester']"
train,model,Resnet50,roasted-tomato-soup-with-parmesan-wafers-354491.jpg,True,-1,Tomato soup with tomato soup,"['salt', 'oil', 'pepper', 'garlic', 'onion', 'broth', 'tomato', 'carrot', 'egg']","['Heat oil in a large heavy pot over medium-high heat. add onion and cook, stirring occasionally, until softened, about 5 minutes. add tomatoes and cook, stirring occasionally, until softened, about 5 minutes. add tomatoes and cook, stirring occasionally, until softened, about 5 minutes. add tomatoes and cook, stirring occasionally, until softened, about 5 minutes. add broth and cook, stirring occasionally, until soup is thickened, about 5 minutes. add broth and cook, stirring, until soup is thickened, about 2 minutes. add broth and cook, stirring, until soup is thickened, about 2 minutes. add soup to pot and cook, stirring occasionally, until soup is thickened, about 2 minutes.', 'Add soup soup soup']"
train,model,Resnet50,baked-tomatoes-with-hazelnut-bread-crumbs-354506.jpg,True,-1,Grilled tomatoes with tomatoes and tomatoes,"['oil', 'salt', 'pepper', 'garlic', 'onion', 'vinegar', 'juice', 'lemon', 'tomato', 'thyme']","['Preheat oven to 350â°f. toss tomatoes, garlic, thyme, thyme, and thyme in a large bowl. season with salt and pepper.', 'Toss tomatoes, tomatoes, tomatoes, and thyme in a large bowl. season with salt and pepper.', 'Toss tomatoes with oil and pepper. roast until golden brown, about 5 minutes.']"
train,model,Resnet50,greek-style-salad-354514.jpg,True,-1,Grilled red onion salad,"['oil', 'salt', 'pepper', 'garlic', 'onion', 'juice', 'vinegar', 'lemon', 'cilantro']","['Prepare a grill for medium-high heat. grill for medium-high. grill, turning occasionally, until charred, about 5 minutes. transfer to a plate; let cool.', 'Meanwhile, garlic, garlic, garlic, and vinegar in a blender until smooth. season with salt and pepper.']"
train,model,Resnet50,salted-caramel-ice-cream-354517.jpg,True,-1,Chocolate cake,"['sugar', 'salt', 'butter', 'cream', 'vanilla', 'egg', 'flour', 'milk', 'chocolate', 'powde', 'pan']","['Preheat oven to 350â°f. butter a 9-inch round cake pan with parchment paper.', 'Whisk flour, baking powder, salt, and vanilla in a medium bowl. whisk in vanilla and vanilla. whisk in vanilla. whisk egg yolks and vanilla in a medium bowl until smooth. add eggs and vanilla. add eggs and vanilla. add egg mixture to blend until smooth. add eggs and vanilla and vanilla. add egg mixture to blend until smooth.', 'Whisk eggs, vanilla, baking powder, and salt in a medium bowl. add eggs and vanilla. add eggs and vanilla and vanilla. stir until smooth.', 'Bake until tester inserted into center comes out clean, about 1 hour. bake until tester inserted into center comes out clean, about 1 hour.']"
train,model,Resnet50,perfect-no-cook-strawberry-ice-cream-354503.jpg,True,-1,Strawberry fruit,"['sugar', 'salt', 'cream', 'juice', 'lemon', 'vanilla']","['Preheat oven to 350â°f. line a rimmed baking sheet with parchment paper.', 'Whisk sugar, lemon juice, salt, and vanilla in a medium bowl until sugar is dissolved. add vanilla and vanilla and vanilla. stir in vanilla.', 'Combine cream, vanilla, lemon juice, and salt in a medium bowl until smooth. add cream mixture and vanilla and vanilla.', 'Add cream mixture to combine. stir in vanilla and vanilla.']"
train,model,Resnet50,mozzarella-arrabiata-salsa-354482.jpg,True,-1,Tomato tomatoes,"['oil', 'salt', 'sugar', 'garlic', 'onion', 'egg', 'tomato']","['Preheat oven to 350â°f. heat oil in a large heavy skillet over medium-high heat. add onion and sautã© until golden brown, about 5 minutes. add tomatoes and sautã© until softened, about 5 minutes. add tomatoes and sautã© until softened, about 5 minutes. add tomatoes and sautã© until softened, about 2 minutes. add tomatoes and sautã© until just tender, about 2 minutes. add tomatoes and sautã© until just tender, about 2 minutes. add tomatoes and sautã© until just tender, about 2 minutes. add tomatoes and sautã© until just tender, about 2 minutes. add tomatoes and sautã© until just cooked through, about 2 minutes.', 'Add tomatoes and sautã© until heated through, about 2 minutes. add tomatoes and stir to taste.']"
train,model,Resnet50,melon-coolers-354505.jpg,True,-1,Margarita,"['juice', 'lemon', 'water', 'lime', 'sugar', 'syrup', 'club', 'honey', 'ginger', 'ice', 'bitters', 'tequila']","['Combine the sugar, ginger, ginger, and salt in a cocktail shaker. add the gin and stir to combine.', 'Combine the tequila, tequila, tequila, and bitters in a cocktail shaker. add the ice and shake vigorously until the ice and garnish with the ice.']"
train,model,Resnet50,gianduia-gelato-354504.jpg,True,-1,Chocolate cake,"['salt', 'sugar', 'butter', 'egg', 'vanilla', 'cream', 'flour', 'chocolate', 'soda', 'pan', 'cocoa']","['Preheat oven to 350â°f. butter a 9-inch round cake pan with parchment paper.', 'Sift flour, baking soda, baking soda, baking soda, and salt in a medium bowl. add eggs and vanilla and vanilla. add eggs and vanilla. stir until combined.', 'Beat egg whites in a medium bowl until smooth. add eggs and vanilla and vanilla. add chocolate mixture and vanilla. stir until combined.', 'Bake cake comes out clean, about 30 minutes.', 'Bake cookies until tester inserted into center comes out clean, about 25 minutes. cool.']"
train,model,Resnet50,garlic-oregano-grilled-pita-bread-354512.jpg,True,-1,Fried eggs,"['oil', 'salt', 'pepper', 'garlic', 'onion', 'egg', 'flour']","['Heat oil in a large skillet over medium-high heat. add onion and cook, stirring occasionally, until golden brown, about 5 minutes. add onion and cook, stirring occasionally, until fragrant, about 5 minutes. add onion and cook, stirring occasionally, until fragrant, about 5 minutes. add eggs and cook, stirring occasionally, until fragrant, about 5 minutes. add eggs and cook, stirring occasionally, until just tender, about 5 minutes. add eggs and cook, stirring occasionally, until just tender, about 2 minutes. add pasta and cook, stirring occasionally, until just tender, about 2 minutes.', 'Add pasta and cook, stirring, until sauce is absorbed, about 2 minutes. add pasta and stir in reserved pasta and serve.']"
train,model,Resnet50,morning-sun-354369.jpg,True,-1,Ginger ginger,"['juice', 'lemon', 'lime', 'water', 'sugar', 'syrup', 'club', 'ginger', 'honey', 'ice']","['Combine ginger, ginger, ginger, ginger, and sugar in a small bowl. add ginger and stir to combine.', 'Stir in lime juice and stir until sugar dissolves.', 'Strain cocktail among glasses filled with ice and garnish with ice.']"
train,model,Resnet50,lavender-chocolate-bars-353976.jpg,True,-1,Chocolate and pecan,"['salt', 'oil', 'sugar', 'butter', 'cream', 'vanilla', 'egg', 'vinegar', 'nonstick']","['Preheat oven to 350â°f. line a rimmed baking sheet with parchment paper.', 'Whisk together sugar, salt, and sugar in a medium bowl. whisk in vanilla and vanilla. add eggs and vanilla. add eggs and vanilla. stir until mixture is smooth.', 'Add eggs and vanilla and toss to coat.', 'Bake until golden brown, about 25 minutes. let cool slightly.']"
train,model,Resnet50,pierogi-potato-and-mushroom-sauerkraut-354032.jpg,True,-1,Fried eggs,"['oil', 'salt', 'pepper', 'garlic', 'onion', 'egg', 'flour']","['Heat the oil in a large skillet over medium heat. add the onion and sautã© until the onion is soft and cook for about 5 minutes. add the garlic and sautã© for 5 minutes, stirring, until the garlic is soft and the garlic is soft and add the onion and the onion and cook for 5 minutes. add the onion and cook for 5 minutes, stirring occasionally, until the onion is thickened, about 5 minutes. add the flour and the flour and stir until the flour is smooth. add the flour and the flour mixture and stir until the mixture is smooth.', 'Add the flour and the flour mixture to the flour and stir until the flour is smooth.', 'Add the flour and the flour mixture to the flour mixture and the flour']"
train,model,Resnet50,tempeh-and-eggplant-pot-pies-354071.jpg,True,-1,Tomato and tomato,"['salt', 'oil', 'pepper', 'garlic', 'onion', 'egg', 'flour', 'tomato']","['Preheat the oven to 350â°f.', 'In a large bowl, combine the flour, garlic, salt, and pepper. add the flour and toss to coat the flour mixture.', 'In a large bowl, combine the flour, garlic, salt, and pepper. add the flour mixture and mix well.', 'Add the flour mixture and mix well.', 'Add the flour mixture and mix well.']"
train,model,Resnet50,lemon-tahini-sauce-354109.jpg,True,-1,Lemon and lime,"['salt', 'sugar', 'juice', 'lemon', 'water', 'lime']","['Combine sugar, sugar, and salt in a small bowl. add water and stir until sugar is dissolved.', 'Stir in lime juice and salt.', 'Stir in lime juice and lemon juice.']"
train,model,Resnet50,navy-bean-gravy-354049.jpg,True,-1,Grilled red onion and onion salad,"['oil', 'salt', 'pepper', 'garlic', 'onion', 'olive', 'egg', 'vinegar', 'juice', 'cilantro']","['Heat the olive oil in a large skillet over medium heat. add the onion and sautã© until the onion is translucent, about 5 minutes. add the onion and sautã© for 5 minutes, stirring occasionally, until the garlic is translucent, about 5 minutes. add the onion and sautã© until the onion is translucent, about 5 minutes. add the olive oil and sautã© until the onion is translucent, about 5 minutes. add the onion and sautã© until the onions are soft and the liquid has evaporated, about 5 minutes. add the olive oil and sautã© until the heat to the onions are soft and the heat. add the olive oil and sautã© for about 5 minutes. add the eggs and sautã© until the onions are soft and the heat to']"
train,model,Resnet50,oat-crisps-with-blueberries-and-creme-fraiche-354430.jpg,True,-1,Lemon cake,"['salt', 'sugar', 'butter', 'flour', 'egg', 'vanilla', 'cream', 'lemon', 'zest']","['Preheat oven to 350â°f. butter a 9-inch round of parchment paper.', 'Whisk flour, baking powder, salt, and vanilla in a medium bowl. add eggs and vanilla and vanilla. add eggs and vanilla. add eggs and vanilla. add egg mixture to combine.', 'Whisk flour, baking powder, baking powder, and salt in a medium bowl until combined. add eggs and vanilla and vanilla. add egg mixture to combine.', 'Bake until tester inserted into center comes out clean, about 25 minutes.', 'Bake until golden brown and golden brown, about 5 minutes.']"
train,model,Resnet50,chocolate-peanut-butter-terrine-with-sugared-peanuts-354429.jpg,True,-1,Chocolate cake,"['sugar', 'salt', 'oil', 'butter', 'egg', 'vanilla', 'cream', 'flour']","['Preheat oven to 350â°f. line a baking sheet with parchment paper.', 'Whisk flour, baking powder, baking powder, salt, and vanilla in a medium bowl. whisk in vanilla and vanilla. add eggs and vanilla. add eggs and vanilla. stir until combined.', 'Whisk eggs, vanilla, and salt in a medium bowl. add eggs and vanilla. add eggs and vanilla and vanilla. stir until combined.', 'Divide batter among muffin cups flour mixture. bake until tester inserted into center comes out clean, about 25 minutes.', 'Bake until golden brown and golden brown, about 5 minutes. cool in center of oven to cool.']"
train,model,Resnet50,smoke-baked-barbecue-chile-pie-354370.jpg,True,-1,Gluten-free cream cake,"['salt', 'sugar', 'oil', 'butter', 'flour', 'egg', 'vanilla', 'cream']","['Preheat oven to 350â°f. line a baking sheet with parchment paper.', 'Sift flour, baking powder, salt, and sugar in a large bowl. add eggs and vanilla and vanilla. add eggs and vanilla. add egg mixture and vanilla. stir until mixture is smooth.', 'Add flour and vanilla and vanilla. add flour mixture to combine.', 'Bake until golden brown, about 25 minutes.', 'Meanwhile, whisk eggs, baking powder, and salt in a medium bowl. add eggs and vanilla and vanilla. stir in a large bowl. add egg mixture and toss to combine.']"
train,model,Resnet50,pimiento-cheeseburgers-354410.jpg,True,-1,Fried eggs,"['salt', 'oil', 'pepper', 'garlic', 'onion', 'egg', 'flour', 'lemon']","['Preheat oven to 400â°f. toss onion, garlic, garlic, salt, and pepper in a large bowl. add onion and toss to coat.', 'Heat oil in a large skillet over medium-high. add onion and cook, stirring occasionally, until golden brown, about 5 minutes. add garlic and cook, stirring occasionally, until golden brown, about 5 minutes. add eggs and cook, stirring, until just beginning to brown, about 5 minutes. add eggs and cook, stirring, until just combined.', 'Add pasta and cook, stirring, until just combined, about 2 minutes. add pasta and cook, stirring, until just combined.', 'Add pasta and cook, stirring, stirring, until sauce is just combined, about 2 minutes.', 'Add']"
train,model,Resnet50,quick-paella-354351.jpg,True,-1,Grilled red onion salad with red pepper and tomatoes,"['oil', 'salt', 'pepper', 'garlic', 'onion', 'olive', 'vinegar', 'juice', 'lemon', 'tomato']","['Prepare grill for medium-high heat. grill, turning occasionally, until tender, about 5 minutes. transfer to a plate; let cool.', 'Meanwhile, heat oil in a large skillet over medium-high. add onion and cook, stirring occasionally, until golden, about 5 minutes. add tomatoes and cook, stirring occasionally, until fragrant, about 2 minutes. add tomatoes and cook, stirring occasionally, until fragrant, about 2 minutes. add tomatoes and cook, stirring occasionally, until fragrant, about 2 minutes. add tomatoes and cook, stirring occasionally, until sauce thickens, about 2 minutes. add tomatoes and cook, stirring occasionally, until sauce thickens, about 2 minutes. add tomatoes and cook, stirring occasionally, until sauce']"
train,model,Resnet50,planked-salmon-with-coconut-rice-354349.jpg,True,-1,Pecan cake,"['salt', 'sugar', 'butter', 'egg', 'flour', 'cream', 'vanilla']","['Preheat oven to 350â°f. butter a 9-inch round cake pan with parchment paper.', 'Whisk flour, baking powder, salt, and vanilla in a medium bowl. add eggs and vanilla and vanilla. add eggs and vanilla. add eggs and vanilla. stir until mixture is smooth.', 'Add eggs and vanilla and vanilla. add eggs and vanilla. stir until mixture is incorporated.', 'Bake until golden brown, about 30 minutes.']"
train,model,Resnet50,fried-rice-354350.jpg,True,-1,Green beans with beans,"['oil', 'salt', 'pepper', 'garlic', 'onion', 'olive', 'juice', 'lemon', 'tomato', 'vinegar', 'bean']","['Preheat oven to 400â°f. toss tomatoes, garlic, garlic, garlic, and 1/2 teaspoon salt in a large bowl. add tomatoes and toss to coat.', 'Toss tomatoes, tomatoes, tomatoes, and 1/2 tsp. salt in a large bowl.', 'Add tomatoes and toss to coat.']"
train,model,Resnet50,pepper-grilled-steak-with-chopped-summer-salad-354334.jpg,True,-1,Fried eggs,"['oil', 'salt', 'pepper', 'garlic', 'onion', 'egg', 'flour', 'olive']","['Heat the olive oil in a large skillet over medium heat. add the onion and sautã© for 5 minutes, stirring occasionally, until the garlic is soft and add the garlic and sautã© for about 5 minutes. add the olive oil and sautã© for 5 minutes, stirring occasionally, until the garlic is soft and the liquid has evaporated, about 5 minutes. add the flour and sautã© for 5 minutes, until the liquid is thickened, about 5 minutes. add the flour and sautã© for 5 minutes. add the flour and sautã© until the mixture is absorbed, about 5 minutes. add the flour and the flour and stir to the flour. add the flour and the flour and stir to the flour.', 'Add the flour mixture and the flour mixture to the flour']"
train,model,Resnet50,roasted-peaches-with-amaretti-crumble-354336.jpg,True,-1,Chocolate chip cookies,"['salt', 'sugar', 'butter', 'flour', 'egg', 'vanilla', 'cream', 'cinnamon']","['Preheat oven to 350â°f. line a rimmed baking sheet with parchment paper.', 'Whisk together flour, baking powder, salt, and baking powder in a medium bowl. add eggs and vanilla and vanilla. add eggs and vanilla. stir until mixture resembles coarse meal forms.', 'Add eggs and vanilla and vanilla. add egg mixture to combine.', 'Bake until golden brown, about 25 minutes.', 'Meanwhile, whisk eggs, baking powder, baking powder, and salt in a medium bowl.', 'Whisk together flour mixture, and vanilla in a large bowl. add eggs and vanilla. add egg mixture to combine.']"
train,model,Resnet50,campfire-potatoes-354312.jpg,True,-1,Grilled red onion and onion salad,"['salt', 'oil', 'pepper', 'garlic', 'onion', 'egg', 'vinegar', 'seed']","['Preheat oven to 350â°f. toast garlic, oil, garlic, garlic, and salt in a medium bowl. add onion and toss to coat.', 'Toss onion, onion, onion, and salt in a large bowl. add onion mixture and toss to coat.', 'Spread eggs on a rimmed baking sheet and bake until golden brown, 25â€ “ 25 minutes. let cool.']"
train,model,Resnet50,summer-tomato-and-bell-pepper-soup-354314.jpg,True,-1,Tomato and tomato salad,"['oil', 'salt', 'pepper', 'garlic', 'onion', 'tomato', 'vinegar', 'juice', 'lemon', 'cilantro']","['Preheat oven to 350â°f. toss tomatoes, garlic, garlic, garlic, and salt in a large bowl. add tomatoes and toss to coat. season with salt and pepper.', 'Toss tomatoes, onion, onion, and onion in a large bowl. season with salt and pepper.']"
train,model,Resnet50,peach-and-pecan-upside-down-cake-354338.jpg,True,-1,Spiced butter and pecan pie,"['salt', 'oil', 'sugar', 'butter', 'flour', 'egg', 'cream']","['Preheat oven to 350â°f. line a rimmed baking sheet with parchment paper.', 'Whisk flour, baking powder, salt, and pepper in a large bowl. add butter and toss to coat.', 'Whisk together flour, baking powder, and salt in a large bowl. add eggs and toss to coat.', 'Bake until golden brown, about 25 minutes.', 'Meanwhile, whisk eggs, baking powder, and salt in a large bowl. add eggs and toss to coat.', 'Bake until golden brown and crisp, about 25 minutes.']"
train,model,Resnet50,meze-platter-with-hummus-shrimp-salad-and-cucumber-salad-354301.jpg,True,-1,Grilled red onion salad,"['oil', 'salt', 'pepper', 'garlic', 'juice', 'lemon', 'vinegar', 'lime', 'cilantro', 'onion', 'olive']","['Prepare a grill for medium-high heat. grill, turning occasionally, until charred and charred, about 5 minutes. transfer to a plate; let cool.', 'Meanwhile, garlic, garlic, cilantro, and cilantro in a blender until smooth. season with salt and pepper.']"
train,model,Resnet50,grilled-clams-with-lemon-ginger-butter-and-grilled-baguette-354293.jpg,True,-1,Grilled red onion and red pepper,"['salt', 'oil', 'pepper', 'garlic', 'onion', 'lemon', 'juice', 'vinegar', 'seed']","['Prepare a grill for medium-high heat. grill for medium-high, turning occasionally, until charred, about 5 minutes. transfer to a plate; let cool.', 'Meanwhile, whisk garlic, lemon juice, lemon juice, and lemon juice in a small bowl; season with salt and pepper.']"
train,model,Resnet50,halibut-brochettes-provencale-354296.jpg,True,-1,Grilled tomato salad with tomatoes and tomato salad,"['salt', 'oil', 'pepper', 'garlic', 'onion', 'olive', 'vinegar', 'juice', 'lemon', 'cilantro', 'egg', 'tomato']","['Prepare a grill for medium-high heat. grill, turning occasionally, until charred and charred, about 5 minutes. transfer to a plate; let cool.', 'Meanwhile, whisk garlic, vinegar, and lemon juice in a medium bowl. season with salt and pepper.', 'Heat oil in a large skillet over medium-high. add onion and cook, stirring occasionally, until golden brown, about 5 minutes. add tomatoes and cook, stirring occasionally, until golden, about 5 minutes. add tomatoes and cook, stirring occasionally, until fragrant, about 5 minutes. add tomatoes and cook, stirring occasionally, until just tender, about 5 minutes. add tomatoes and cook, until heated through, about 2 minutes.', 'Add tomatoes and toss']"
train,model,Resnet50,pork-chops-with-chiles-rellenos-and-ancho-sauce-354299.jpg,True,-1,Grilled red onion and onion,"['oil', 'salt', 'pepper', 'garlic', 'onion', 'juice', 'lemon', 'vinegar', 'egg']","['Preheat oven to 350â°f. toss onion, oil, garlic, and salt in a large bowl. add onion and toss to coat.', 'Toss onion, onion, and lemon juice in a large bowl. season with salt and pepper.', 'Toss to coat. roast until golden brown, about 25 minutes.', 'Meanwhile, whisk eggs, vinegar, and lemon juice in a large bowl. add egg mixture and toss to coat.']"
train,model,Resnet50,orecchiette-with-fresh-mozzarella-grape-tomatoes-and-garlic-chives-354335.jpg,True,-1,Grilled tomato salad with tomatoes and tomatoes,"['oil', 'salt', 'pepper', 'garlic', 'onion', 'olive', 'vinegar', 'juice', 'lemon', 'tomato']","['Preheat oven to 400â°f. toss tomatoes, garlic, garlic, and 1 tablespoon oil in a large bowl. season with salt and pepper.', 'Toss tomatoes, tomatoes, and 1 tsp. salt in a large bowl. add tomatoes and toss to coat.', 'Toss tomatoes with olive oil and season with salt and pepper. roast until tender, about 25 minutes.']"
train,model,Resnet50,skillet-sausages-with-black-eyed-peas-romano-beans-and-tomatoes-354295.jpg,True,-1,Grilled tomatoes with tomatoes and tomatoes,"['oil', 'salt', 'pepper', 'garlic', 'onion', 'vinegar', 'juice', 'lemon', 'tomato']","['Prepare a grill for medium-high heat. grill, turning occasionally, until charred, about 5 minutes. transfer to a plate; let cool.', 'Meanwhile, heat oil in a large skillet over medium-high. add onion and cook, stirring occasionally, until golden brown, about 5 minutes. add tomatoes and cook, stirring occasionally, until fragrant, about 5 minutes. add tomatoes and cook, stirring occasionally, until fragrant, about 5 minutes. add tomatoes and cook, stirring occasionally, until thickened, about 2 minutes. add tomatoes and cook, stirring occasionally, until thickened, about 2 minutes. add tomatoes and cook, stirring occasionally, until sauce thickens and season with salt and pepper.']"
train,model,Resnet50,chicken-green-bean-corn-and-farro-salad-with-goat-cheese-354298.jpg,True,-1,Grilled red onion salad,"['oil', 'salt', 'pepper', 'garlic', 'onion', 'olive', 'lemon', 'juice', 'vinegar', 'egg', 'cilantro']","['Heat the oil in a large skillet over medium heat. add the onion and sautã© until the onion is translucent, about 5 minutes. add the garlic and cook for 5 minutes, stirring occasionally, until the garlic is translucent, about 5 minutes. add the garlic and cook for 5 minutes, stirring occasionally, until the garlic is translucent, about 5 minutes. add the onion and cook for 5 minutes. add the onion and cook for 5 minutes, stirring occasionally, until the liquid is thickened, about 5 minutes. add the eggs and cook for 5 minutes. add the pasta and cook for 5 minutes, stirring occasionally, until the pasta is thickened, about 5 minutes. add the pasta and stir to the pasta and cook for 5 minutes']"
train,model,Resnet50,grilled-lemon-oregano-chicken-drumsticks-354311.jpg,True,-1,Grilled red onion and onion salad,"['salt', 'oil', 'pepper', 'garlic', 'onion', 'egg', 'vinegar', 'seed']","['Preheat oven to 350â°f. toast garlic, oil, garlic, garlic, and salt in a medium bowl. add onion and toss to coat.', 'Toss onion, onion, onion, and salt in a large bowl. add onion mixture and toss to coat.', 'Spread eggs on a rimmed baking sheet and bake until golden brown, 25â€ “ 25 minutes. let cool.']"
train,model,Resnet50,pate-brisee-tart-crust-354316.jpg,True,-1,Gluten-free cream cake,"['sugar', 'salt', 'butter', 'flour', 'egg', 'cream', 'vanilla', 'milk', 'water']","['Preheat oven to 350â°f. butter a 9-inch round cake pan with parchment paper.', 'Whisk together flour, sugar, salt, and vanilla in a medium bowl. add eggs and vanilla. add eggs and vanilla and vanilla. add egg mixture to combine.', 'Whisk together flour, milk, and salt in a medium bowl. add eggs and vanilla and stir until mixture is incorporated. add eggs and vanilla and vanilla.', 'Add flour mixture and stir until mixture is incorporated. add egg mixture and vanilla and stir until smooth.', 'Divide batter into a ball. bake until firm, about 30 minutes.']"
train,model,Resnet50,zucchini-and-corn-tacos-354249.jpg,True,-1,Grilled red onion salad,"['oil', 'salt', 'pepper', 'garlic', 'onion', 'juice', 'lemon', 'vinegar', 'lime', 'cilantro']","['Heat oil in a large skillet over medium-high. add onion and cook, stirring occasionally, until golden, about 5 minutes. add onion and cook, stirring occasionally, until fragrant, about 5 minutes. add onion and cook, stirring occasionally, until fragrant, about 2 minutes. add onion and cook, stirring occasionally, until fragrant, about 2 minutes. add onion and cook, stirring occasionally, until fragrant, about 2 minutes. add pasta and cook, stirring occasionally, until sauce is thickened, about 2 minutes. add pasta and cook, stirring occasionally, until sauce is thickened, about 2 minutes. add pasta and cook, stirring occasionally, until sauce is thickened, about 2 minutes. add pasta and stir to taste and serve.']"
train,model,Resnet50,lemon-nut-torte-with-summer-berries-354271.jpg,True,-1,Chocolate chip cookies,"['salt', 'sugar', 'butter', 'flour', 'egg', 'vanilla']","['Preheat oven to 350â°f. butter a 9-inch round of parchment paper.', 'Whisk together flour, baking powder, salt, and salt in a medium bowl. add eggs and vanilla and beat until well combined. add eggs and vanilla and vanilla.', 'Beat in a medium bowl until light and fluffy, about 2 minutes. add eggs and vanilla. add eggs and vanilla. stir until mixture is incorporated.', 'Divide batter among muffin cups flour mixture. bake until golden brown, about 30 minutes.']"
train,model,Resnet50,grilled-lemongrass-chicken-with-red-quinoa-and-vegetables-354270.jpg,True,-1,Grilled red onion salad,"['oil', 'salt', 'pepper', 'garlic', 'juice', 'vinegar', 'lemon', 'onion', 'seed']","['Heat oil in a large skillet over medium-high. add onion and cook, stirring occasionally, until golden, about 5 minutes. add onion and cook, stirring occasionally, until fragrant, about 5 minutes. add onion and cook, stirring, until fragrant, about 2 minutes. add vinegar and cook, stirring, until fragrant, about 2 minutes. add vinegar and toss to coat.', 'Add onion and toss to coat.']"
train,model,Resnet50,sausage-arugula-and-piquillo-pepper-sandwiches-354191.jpg,True,-1,Grilled tomatoes with tomatoes and tomatoes,"['oil', 'salt', 'pepper', 'garlic', 'onion', 'olive', 'vinegar', 'juice', 'lemon', 'tomato']","['Prepare a grill for medium-high heat. grill, turning occasionally, until charred, about 10 minutes. transfer to a plate; let cool.', 'Meanwhile, heat oil in a large skillet over medium-high. add onion and cook, stirring occasionally, until golden, about 5 minutes. add tomatoes and cook, stirring occasionally, until fragrant, about 5 minutes. add tomatoes and cook, stirring occasionally, until fragrant, about 5 minutes. add tomatoes and cook, stirring occasionally, until thickened, about 5 minutes. add tomatoes and cook, stirring occasionally, until thickened, about 2 minutes. add tomatoes and cook, stirring occasionally, until thickened, about 2 minutes. add tomatoes and cook, stirring occasionally, until sauce thickens, about 2']"
train,model,Resnet50,watermelon-margarita-ice-pops-354221.jpg,True,-1,Strawberry and lime,"['sugar', 'juice', 'lemon', 'lime', 'water', 'cream']","['Combine sugar, sugar, and salt in a small bowl. stir in lime juice and stir until sugar is dissolved.', 'Pour into a small bowl and stir in lime juice.', 'Pour remaining raspberries and stir in lime juice.']"
train,model,Resnet50,garlic-herb-bread-twists-354216.jpg,True,-1,Grilled red onion and red peppers,"['oil', 'salt', 'pepper', 'garlic', 'onion', 'olive', 'vinegar', 'sauce']","['Prepare a grill for medium-high heat. grill for gas grill for gas grill for gas grill for gas grill for gas grill for gas grill for gas grill for gas grill for gas grill, turning occasionally, until charred, about 5 minutes. transfer to a plate; grill, turning occasionally, until charred and charred, about 5 minutes. transfer to a plate; let cool.', 'Grill, turning occasionally, until charred, about 5 minutes. transfer to a plate and grill, turning occasionally, until charred and charred, about 5 minutes.', 'Grill, turning occasionally, until charred, about 5 minutes. transfer to a platter and grill, until charred and charred, about 5 minutes.']"
train,model,Resnet50,nectarines-with-ricotta-vanilla-cream-and-pine-nut-brittle-354234.jpg,True,-1,Lemon and lemon,"['sugar', 'cream', 'juice', 'lemon', 'water']","['Preheat oven to 350â°f.', 'Whisk together sugar, lemon juice, and lemon juice in a small bowl.', 'Whisk together sugar, lemon juice, lemon juice, and lemon juice in a bowl.', 'Stir in lemon juice and sugar mixture.']"
train,model,Resnet50,grilled-chicken-summer-salad-354215.jpg,True,-1,Grilled red onion salad,"['oil', 'salt', 'pepper', 'garlic', 'vinegar', 'juice', 'lemon', 'onion', 'seed']","['Heat oil in a large skillet over medium-high. add onion and cook, stirring often, until fragrant, about 5 minutes. add garlic and cook, stirring often, until fragrant, about 5 minutes. add onion and cook, stirring, until fragrant, about 5 minutes. add vinegar and cook, stirring, until fragrant, about 2 minutes. add vinegar and toss to coat.', 'Add onion and toss to coat.']"
train,model,Resnet50,romaine-salad-with-anchovy-dressing-and-parmesan-354210.jpg,True,-1,Grilled tomatoes with tomatoes and tomatoes,"['oil', 'salt', 'pepper', 'garlic', 'onion', 'olive', 'vinegar', 'juice', 'lemon', 'tomato']","['Prepare a grill for medium-high heat. grill, turning occasionally, until charred, about 10 minutes. transfer to a plate; let cool.', 'Meanwhile, heat oil in a large skillet over medium-high. add onion and cook, stirring occasionally, until golden, about 5 minutes. add tomatoes and cook, stirring occasionally, until fragrant, about 5 minutes. add tomatoes and cook, stirring occasionally, until fragrant, about 5 minutes. add tomatoes and cook, stirring occasionally, until thickened, about 5 minutes. add tomatoes and cook, stirring occasionally, until thickened, about 2 minutes. add tomatoes and cook, stirring occasionally, until thickened, about 2 minutes. add tomatoes and cook, stirring occasionally, until sauce thickens, about 2']"
train,model,Resnet50,peaches-and-cream-yogurt-pops-354201.jpg,True,-1,Grilled lime,"['salt', 'sugar', 'juice', 'lemon', 'lime']","['Prepare a grill for medium-high heat. grill, turning once, until sugar is very tender, about 10 minutes. transfer to a plate; let cool.', 'Purã©e lime juice, lime juice, lime juice, and salt in a blender until smooth.', 'Add lime juice and toss to coat.']"
train,model,Resnet50,provencal-bok-choy-354198.jpg,True,-1,Grilled onion and onion salad,"['oil', 'salt', 'pepper', 'garlic', 'onion', 'juice', 'vinegar', 'lemon', 'cilantro']","['Heat oil in a large skillet over medium-high heat. add onion and cook, stirring occasionally, until golden, about 5 minutes. add onion and cook, stirring occasionally, until fragrant, about 5 minutes. add onion and cook, stirring occasionally, until fragrant, about 5 minutes. add onion and cook, stirring occasionally, until fragrant, about 5 minutes. add onion and cook, stirring occasionally, until fragrant, about 5 minutes. add onion and cook, stirring occasionally, until sauce thickens, about 2 minutes. add pasta and cook, stirring occasionally, until sauce thickens, about 2 minutes.', 'Add pasta and cook, stirring occasionally, until sauce is thickened, about 2 minutes. add pasta and cook, stirring occasionally, until']"
train,model,Resnet50,three-layer-berry-and-brown-sugar-pavlova-354211.jpg,True,-1,Chocolate cake,"['sugar', 'salt', 'butter', 'cream', 'vanilla', 'egg', 'flour', 'pan', 'juice', 'lemon', 'chocolate', 'soda']","['Preheat oven to 350â°f. butter a 9-inch round cake pan with parchment paper.', 'Whisk flour, baking soda, baking soda, baking soda, baking soda, and salt in a medium bowl. add eggs and vanilla and vanilla. add eggs and vanilla and vanilla. add eggs and vanilla. stir until mixture is smooth.', 'Add eggs and vanilla and vanilla. add chocolate mixture to combine.', 'Whisk together flour, baking soda, baking soda, baking soda, baking soda, and salt in a medium bowl until smooth.', 'Add eggs and vanilla and vanilla and vanilla. add eggs and vanilla and vanilla. stir until combined.', 'Divide batter among bowls and bake until firm, about 2 minutes.']"
train,model,Resnet50,corn-and-tomato-scramble-354230.jpg,True,-1,Roasted red onion and onion salad,"['oil', 'garlic', 'onion', 'olive', 'vinegar', 'juice', 'lemon', 'egg']","['Preheat oven to 400â°f. toss onion, garlic, garlic, and 1/2 teaspoon salt in a large bowl.', 'Whisk together olive oil, garlic, and 1/4 teaspoon salt in a large bowl. add eggs and toss to coat.', 'Toss onion mixture with olive oil and season with salt and pepper.']"
train,model,Resnet50,pina-colada-ice-pops-354203.jpg,True,-1,Grilled onion and onion,"['oil', 'salt', 'sugar', 'garlic', 'onion', 'egg', 'vinegar', 'juice']","['Heat oil in a large heavy skillet over medium-high heat. add onion and sautã© until golden brown, about 5 minutes. add onion and cook, stirring occasionally, until softened, about 5 minutes. add onion and cook, stirring occasionally, until softened, about 2 minutes. add vinegar and cook, stirring occasionally, until just tender, about 2 minutes. add vinegar and cook, stirring occasionally, until thickened, about 2 minutes. add vinegar and cook, stirring occasionally, until thickened, about 2 minutes. add vinegar and cook, stirring occasionally, until thickened, about 2 minutes. add eggs and cook, stirring occasionally, until thickened, about 2 minutes. add pasta and cook, stirring occasionally, until sauce thickens, about 2 minutes.']"
train,model,Resnet50,savory-summer-tarts-354190.jpg,True,-1,Grilled eggs with lemon and onion,"['oil', 'salt', 'pepper', 'garlic', 'onion', 'egg', 'lemon']","['Preheat oven to 400â°f. toss onion, garlic, garlic, garlic, and salt in a large bowl. add onion and toss to coat.', 'Toss onion, onion, and lemon juice in a large bowl. season with salt and pepper.', 'Heat oil in a large skillet over medium-high heat. add onion and cook, stirring occasionally, until golden brown, about 5 minutes. add onion and cook, stirring occasionally, until golden, about 2 minutes. add eggs and cook, stirring occasionally, until just tender, about 2 minutes. add eggs and cook, stirring occasionally, until just tender, about 2 minutes. add eggs and cook, stirring occasionally, until just tender, about 2 minutes.', 'Add pasta and cook']"
train,model,Resnet50,bacon-egg-and-tomato-club-sandwiches-354209.jpg,True,-1,Grilled tomatoes with tomatoes and tomatoes,"['oil', 'salt', 'pepper', 'garlic', 'onion', 'olive', 'vinegar', 'juice', 'lemon', 'tomato']","['Prepare a grill for medium-high heat. grill, turning occasionally, until charred, about 10 minutes. transfer to a plate; let cool.', 'Meanwhile, heat oil in a large skillet over medium-high. add onion and cook, stirring occasionally, until golden, about 5 minutes. add tomatoes and cook, stirring occasionally, until fragrant, about 5 minutes. add tomatoes and cook, stirring occasionally, until fragrant, about 5 minutes. add tomatoes and cook, stirring occasionally, until thickened, about 5 minutes. add tomatoes and cook, stirring occasionally, until thickened, about 2 minutes. add tomatoes and cook, stirring occasionally, until thickened, about 2 minutes. add tomatoes and cook, stirring occasionally, until sauce thickens, about 2']"
train,model,Resnet50,maple-blueberry-parfait-354199.jpg,True,-1,Lemon lime,"['juice', 'lemon', 'water', 'lime']","['Combine lime juice, lime juice, lime juice, and lemon juice in a blender until smooth.', 'Stir lime juice, lime juice, lime juice, and lime juice in a blender until smooth.']"
train,model,Resnet50,mint-caipirinha-ice-pops-354202.jpg,True,-1,Grilled red pepper,"['salt', 'sugar', 'pepper', 'garlic', 'juice', 'lemon', 'lime']","['Prepare a grill for medium-high heat. grill, turning occasionally, until charred, about 5 minutes. transfer to a plate; let cool.', 'Purã©e garlic, lemon juice, lemon juice, and salt in a blender until smooth.', 'Add lime juice and toss to coat.']"
train,model,Resnet50,rice-with-fennel-and-golden-raisins-354197.jpg,True,-1,Lemon and lemon,"['salt', 'oil', 'pepper', 'garlic', 'onion', 'egg', 'juice', 'lemon']","['Preheat oven to 350â°f.', 'Whisk garlic, lemon juice, lemon juice, lemon juice, and salt in a large bowl. add onion and toss to coat.', 'Add onion and toss to coat.', 'Bake until golden brown, about 25 minutes.', 'Meanwhile, heat oil in a large skillet over medium-high. add onion and cook, stirring occasionally, until golden, about 5 minutes. add garlic and cook, stirring occasionally, until softened, about 5 minutes. add eggs and cook, stirring occasionally, until softened, about 2 minutes. add eggs and cook, stirring occasionally, until just tender, about 2 minutes. add eggs and cook, stirring occasionally, until just tender, about 2 minutes. add pasta and cook, stirring occasionally']"
train,model,Resnet50,eggplant-and-sun-dried-tomato-spread-354212.jpg,True,-1,Grilled onion and lemon,"['oil', 'garlic', 'onion', 'juice', 'lemon', 'water']","['Heat oil in a large heavy pot over medium-high heat. add onion and sautã© until onion is tender, about 5 minutes. add onion and cook, stirring, until softened, about 5 minutes. add onion and cook, stirring, until fragrant, about 5 minutes. add lemon juice and stir to taste and stir until sauce is thickened, about 2 minutes.', 'Add lemon juice and stir to taste.']"
train,model,Resnet50,buffalo-grilled-shrimp-with-blue-cheese-dip-and-celery-354214.jpg,True,-1,Tomato and tomato salad,"['oil', 'salt', 'pepper', 'garlic', 'onion', 'tomato', 'vinegar', 'egg']","['Preheat oven to 400â°f. toss tomatoes, garlic, garlic, vinegar, and salt in a large bowl. add tomatoes and toss to coat.', 'Toss tomatoes with oil and season with salt and pepper.']"
train,model,Resnet50,chicken-breasts-with-zucchini-pappardelle-354130.jpg,True,-1,Grilled red onion and onion salad,"['oil', 'salt', 'pepper', 'garlic', 'onion', 'olive', 'lemon', 'juice', 'vinegar', 'egg', 'sauce']","['Heat the olive oil in a large skillet over medium heat. add the onion and sautã© until the garlic is translucent, about 5 minutes. add the garlic and sautã© until the garlic is translucent, about 5 minutes. add the garlic and sautã© until the garlic is translucent, about 5 minutes. add the olive oil and sautã© until the garlic is translucent, about 5 minutes. add the eggs and cook for 5 minutes. add the eggs and cook for 5 minutes, stirring occasionally, until the liquid has thickened, about 5 minutes. add the eggs and cook for 5 minutes. add the eggs and cook for 5 minutes, stirring occasionally, until the sauce is thickened, about 5 minutes. add the eggs and the sauce and the']"
train,model,Resnet50,pork-tenderloin-with-tomato-peach-compote-354133.jpg,True,-1,Tomato salad with tomatoes,"['oil', 'salt', 'garlic', 'onion', 'tomato', 'vinegar', 'juice', 'lemon', 'bean']","['Preheat oven to 400â°f. toss tomatoes, garlic, garlic, garlic, and salt in a large bowl. add tomatoes and toss to coat.', 'Toss tomatoes with tomatoes and season with salt and pepper.']"
train,model,Resnet50,kiwi-sorbet-354134.jpg,True,-1,Lemon and lemon,"['salt', 'oil', 'sugar', 'pepper', 'garlic', 'juice', 'lemon', 'egg', 'onion', 'cream']","['Preheat oven to 350â°f. line a rimmed baking sheet with parchment paper.', 'Whisk together oil, lemon juice, lemon juice, and salt in a large bowl. add onion and toss to coat.', 'Toss onion mixture, onion, and lemon juice in a large bowl. add onion mixture and toss to coat.', 'Bake until golden brown, about 25 minutes.', 'Meanwhile, whisk eggs, lemon juice, lemon juice, and lemon juice in a large bowl. add eggs and toss to coat.']"
train,model,Resnet50,fruit-on-the-bottom-tapioca-pudding-354132.jpg,True,-1,Strawberry strawberry,"['sugar', 'juice', 'lemon', 'cream', 'water', 'ice', 'lime', 'syrup', 'strawberries', 'vanilla', 'honey']","['Combine strawberries, sugar, and salt in a medium bowl. add strawberries and stir to combine.', 'Combine strawberries and vanilla in a small bowl. add ice and stir until mixture is dissolved.', 'Add strawberries and vanilla and stir to combine.']"
train,model,Resnet50,summer-salmon-cakes-with-zucchini-fennel-slaw-354151.jpg,True,-1,Grilled red onion salad,"['oil', 'salt', 'pepper', 'garlic', 'onion', 'olive', 'juice', 'lemon', 'vinegar']","['Heat the olive oil in a large skillet over medium heat. add the onion and sautã© until the onion is translucent, about 5 minutes. add the garlic and sautã© until the garlic is tender, about 5 minutes. add the olive oil and sautã© until the onions are tender, about 5 minutes. add the olive oil and sautã© until the onions are tender, about 5 minutes. add the olive oil and sautã© until the onions are tender, about 5 minutes. add the olive oil and sautã© until the onions are tender, about 5 minutes. add the olive oil and sautã© until the onions are tender, about 5 minutes. add the olive oil and sautã© until the onions are heated through, about 5 minutes. add the pasta and sautã© until']"
train,model,Resnet50,no-bake-strawberry-cheesecake-354029.jpg,True,-1,Lemon meringue,"['salt', 'sugar', 'butter', 'egg', 'vanilla', 'cream', 'flour', 'juice', 'lemon', 'zest']","['Preheat oven to 350â°f. butter a 9-inch round of parchment paper.', 'Whisk flour, baking powder, salt, and vanilla in a medium bowl until combined. add eggs and vanilla and vanilla. add eggs and vanilla and vanilla. add egg mixture to combine.', 'Whisk flour, lemon zest, lemon zest, and salt in a medium bowl. add eggs and vanilla and vanilla. add egg mixture to combine.', 'Whisk egg yolks and vanilla in a medium bowl until combined. add egg mixture and vanilla and mix in egg mixture.', 'Bake until tester inserted into center comes out clean, about 2 minutes.', 'Bake until golden brown and golden brown, about 5 minutes.']"
train,model,Resnet50,raspberry-jell-o-parfaits-353971.jpg,True,-1,Strawberry ice cream,"['sugar', 'cream', 'vanilla', 'juice', 'lemon', 'ice']","['Combine sugar, lemon juice, and lemon juice in a small bowl. add ice cream and stir until sugar is dissolved.', 'Combine cream, lemon juice, lemon juice, lemon juice, and vanilla in a medium bowl until smooth. add ice cream and vanilla and stir until mixture is dissolved.']"
train,model,Resnet50,pineapple-granita-354030.jpg,True,-1,Lemon lime,"['sugar', 'juice', 'lemon', 'lime', 'water']","['Combine lime juice, sugar, and salt in a small bowl. add sugar and stir until sugar is dissolved.', 'Stir in lime juice and lemon juice.']"
train,model,Resnet50,french-75-242668.jpg,True,-1,Ginger,"['juice', 'lemon', 'water', 'lime', 'sugar', 'syrup', 'club', 'ice', 'simple', 'ginger']","['Combine the sugar, ginger, and salt in a blender until smooth. add the sugar and stir to combine.', 'Combine the gin, lemon juice, and simple syrup in a cocktail shaker. add the ice and shake vigorously for 30 seconds.']"
train,model,Resnet50,goldies-353990.jpg,True,-1,Chocolate chip cookies,"['salt', 'sugar', 'butter', 'egg', 'flour', 'vanilla', 'cream', 'chocolate', 'pan', 'soda', 'cocoa']","['Preheat oven to 350â°f. line a rimmed baking sheet with parchment paper.', 'Sift flour, baking powder, baking powder, baking soda, and salt in a medium bowl. add eggs and beat until combined. add eggs and vanilla and vanilla. add eggs and vanilla. stir until combined.', 'Beat egg whites in a medium bowl until combined. add eggs and vanilla and vanilla. add egg mixture and stir until combined.', 'Divide batter among prepared sheet. bake until firm, about 25 minutes.', 'Bake cookies in center of oven until tester inserted into center comes out clean, about 10 minutes.', 'Bake until golden brown and tester inserted into center comes out clean, about 10 minutes.']"
train,model,Resnet50,vanilla-whipped-buttercream-354011.jpg,True,-1,Pecan cake,"['sugar', 'salt', 'cream', 'butter', 'egg', 'vanilla', 'milk', 'flour', 'juice', 'powde', 'water', 'pan', 'yolk']","['Preheat oven to 350â°f. butter a 9-inch round cake pan with parchment paper.', 'Whisk together flour, sugar, and salt in a medium bowl. whisk in vanilla and vanilla. add egg yolks and vanilla. whisk in egg yolks and vanilla. add egg yolks and vanilla. add egg mixture to blend until mixture resembles wet sand. add egg mixture and vanilla and vanilla. add egg mixture to blend until smooth. add egg yolk mixture and vanilla. add egg yolk mixture to blend until smooth.', 'Whisk egg yolk mixture into a large bowl. add egg yolk mixture and whisk until smooth. add egg yolk mixture to blend until smooth. add egg yolk mixture and mix in vanilla.', 'Divide batter into prepared pan. bake until firm, about 1']"
train,model,Resnet50,easiest-chocolate-cake-354010.jpg,True,-1,Spiced chocolate cake,"['salt', 'sugar', 'oil', 'pepper', 'butter', 'egg', 'vanilla', 'flour', 'cream', 'nonstick']","['Preheat oven to 350â°f. line a rimmed baking sheet with parchment paper.', 'Whisk flour, baking powder, salt, and pepper in a medium bowl. whisk in a large bowl, whisk together flour, and vanilla. add eggs and vanilla. add eggs and vanilla. add eggs and vanilla and vanilla. add egg mixture to combine.', 'Whisk flour mixture, baking powder, and salt in a medium bowl. add eggs and toss to coat.', 'Bake until tester inserted into center comes out clean, about 25 minutes.', 'Bake until golden brown and crisp, about 25 minutes.']"
train,model,Resnet50,carrot-cake-with-cream-cheese-lemon-zest-frosting-353969.jpg,True,-1,Chocolate cake,"['salt', 'sugar', 'butter', 'egg', 'vanilla', 'cream', 'flour', 'pan', 'milk', 'cinnamon']","['Preheat oven to 350â°f. butter a 9-inch round cake pan with parchment paper.', 'Whisk together flour, baking powder, salt, and vanilla in a medium bowl. whisk together flour, vanilla, and vanilla in a medium bowl. add eggs and vanilla. beat in vanilla and vanilla. add eggs and vanilla. add eggs and vanilla. stir until mixture is smooth.', 'Whisk eggs, vanilla, and vanilla in a medium bowl. add eggs and vanilla. add eggs and vanilla and vanilla. stir until combined.', 'Divide batter among muffin cups cream and bake until tester inserted into center comes out clean, about 25 minutes.', 'Bake until tester inserted into center comes out clean, about 25 minutes. bake until golden brown and tester inserted into center']"
train,model,Resnet50,double-ginger-cookies-354009.jpg,True,-1,Eggs,"['salt', 'oil', 'sugar', 'butter', 'egg', 'flour', 'cream']","['Preheat oven to 350â°f. butter a 9-inch round of parchment paper.', 'Whisk flour, salt, and sugar in a medium bowl until smooth. add eggs and toss to coat.', 'Beat egg whites in a large bowl until pale golden brown, about 2 minutes. add eggs and beat until just combined. add eggs and beat until just combined.', 'Beat egg whites in a large bowl until smooth. add eggs and beat until just combined. add eggs and toss to coat.']"
train,model,Resnet50,vanilla-cupcakes-353909.jpg,True,-1,Spiced chocolate chip cookies,"['salt', 'sugar', 'butter', 'egg', 'flour', 'vanilla', 'cream', 'zest']","['Preheat oven to 350â°f. butter a rimmed baking sheet with parchment paper.', 'Whisk together flour, salt, and vanilla in a medium bowl. add eggs and vanilla. add eggs and vanilla and vanilla. add egg mixture to combine.', 'Whisk egg yolks, vanilla, and vanilla in a medium bowl. add egg mixture and vanilla. add egg mixture to incorporate.', 'Bake until tester inserted into center comes out clean, about 25 minutes.', 'Bake until golden brown and golden brown, about 5 minutes.', 'Meanwhile, whisk eggs, and vanilla in a medium bowl.', 'Whisk eggs, cream, and vanilla in a medium bowl. add eggs and vanilla. add eggs and vanilla and vanilla.']"
train,model,Resnet50,coffee-rubbed-cheeseburgers-with-texas-barbecue-sauce-353870.jpg,True,-1,Grilled onion and onion,"['oil', 'salt', 'pepper', 'garlic', 'onion', 'egg', 'vinegar']","['Preheat oven to 400â°f. toss onion, onion, onion, garlic, and salt in a large bowl. add onion and toss to coat.', 'Toss onion, onion, onion, and onion in a large bowl. season with salt and pepper.', 'Heat oil in a large skillet over medium-high heat. add onion and cook, stirring occasionally, until golden brown, about 5 minutes. add onion and cook, stirring occasionally, until golden, about 5 minutes. add onion and cook, stirring occasionally, until just tender, about 5 minutes. add eggs and cook, stirring occasionally, until just tender, about 2 minutes.', 'Add eggs and cook, stirring occasionally, until just tender, about 2 minutes. add eggs and cook,']"
train,model,Resnet50,heirloom-tomatoes-with-shell-beans-vinaigrette-353850.jpg,True,-1,Tomato salad with tomatoes and tomato salad,"['oil', 'salt', 'pepper', 'garlic', 'onion', 'tomato', 'vinegar', 'juice', 'lemon', 'cilantro', 'olive']","['Preheat oven to 400â°f. toss tomatoes, garlic, garlic, and 1 tsp. salt in a large bowl. toss tomatoes, tomatoes, and toss to coat.', 'Toss tomatoes, tomatoes, tomatoes, and 1 tsp. salt in a large bowl.', 'Toss tomatoes, tomatoes, tomatoes, and onion mixture in a large bowl. season with salt and pepper.']"
train,model,Resnet50,chocolate-cake-with-ganache-and-praline-topping-353852.jpg,True,-1,Chocolate cake,"['salt', 'sugar', 'oil', 'butter', 'egg', 'vanilla', 'cream', 'flour']","['Preheat oven to 350â°f. butter a 9-inch round of parchment paper.', 'Whisk flour, baking powder, salt, and baking powder in a medium bowl. whisk together flour, and vanilla in a medium bowl. add eggs and vanilla. add eggs and vanilla. stir until mixture is combined.', 'Add flour mixture and vanilla and mix until combined.', 'Bake until golden brown, about 25 minutes.', 'Meanwhile, whisk eggs, baking powder, and salt in a large bowl. add eggs and vanilla and vanilla. stir in vanilla.']"
train,model,Resnet50,shaved-fennel-and-arugula-salad-353816.jpg,True,-1,Fried eggs,"['salt', 'oil', 'pepper', 'garlic', 'onion', 'egg', 'lemon', 'juice', 'flour']","['Heat oil in a large skillet over medium-high heat. add onion and cook, stirring occasionally, until golden brown, about 5 minutes. add garlic and cook, stirring occasionally, until fragrant, about 5 minutes. add eggs and cook, stirring occasionally, until fragrant, about 5 minutes. add eggs and cook, stirring occasionally, until fragrant, about 5 minutes. add eggs and cook, stirring occasionally, until just tender, about 5 minutes. add pasta and cook, stirring occasionally, until just tender, about 5 minutes. add pasta and stir to combine.', 'Add pasta and cook, stirring, until sauce is absorbed, about 2 minutes. add pasta and stir in reserved pasta and serve.']"
train,model,Resnet50,oil-and-vinegar-potato-salad-353830.jpg,True,-1,Grilled red onion salad,"['oil', 'salt', 'pepper', 'garlic', 'onion', 'olive', 'vinegar', 'juice', 'lemon']","['Prepare a grill for medium-high heat. grill for medium-high heat. grill, turning occasionally, until charred, about 4 minutes. transfer to a plate; let cool.', 'Cut garlic into a large bowl; season with salt and pepper.', 'Toss onion, garlic, and lemon juice in a large bowl. season with salt and pepper.']"
train,model,Resnet50,pluot-jam-353775.jpg,True,-1,Lemon verbena,"['sugar', 'juice', 'lemon', 'water', 'lime']","['Combine lime juice, sugar, and salt in a blender until sugar has dissolved.', 'Stir sugar, lime juice, and salt in a blender until smooth.', 'Add lime juice and stir to combine.']"
train,model,Resnet50,turkey-shawarma-with-tomato-relish-and-tahini-sauce-353778.jpg,True,-1,Grilled tomato salad with tomatoes and tomatoes,"['oil', 'salt', 'pepper', 'garlic', 'onion', 'olive', 'vinegar', 'tomato']","['Prepare a grill for medium-high heat. grill, turning occasionally, until charred and charred, about 5 minutes. transfer to a plate.', 'Heat olive oil in a large skillet over medium-high. add onion and cook, stirring often, until golden, about 5 minutes. add tomatoes and cook, stirring often, until fragrant, about 5 minutes. add tomatoes and cook, stirring often, until tomatoes are tender, about 5 minutes. add tomatoes and cook, stirring often, until tomatoes are tender, about 5 minutes. add tomatoes and cook, stirring, until thickened, about 2 minutes. add tomatoes and cook, stirring occasionally, until sauce is thickened, about 5 minutes. add tomatoes and cook, stirring occasionally, until sauce']"
train,model,Resnet50,grilled-black-cod-with-fried-garlic-and-chiles-353781.jpg,True,-1,Spicy lamb with red pepper,"['oil', 'salt', 'pepper', 'garlic', 'onion', 'sauce', 'vinegar', 'broth']","['Heat oil in a large skillet over medium-high heat. add onion and cook, stirring often, until golden brown, about 5 minutes. add garlic and cook, stirring often, until fragrant, about 5 minutes. add broth and cook, stirring, until fragrant, about 5 minutes. add broth and cook, stirring, until sauce thickens, about 5 minutes. add broth and cook, stirring, until sauce thickens, about 5 minutes. add broth and cook, stirring, until sauce thickens, about 5 minutes. add broth and cook, stirring, until sauce thickens, about 5 minutes. add broth and broth and cook, stirring occasionally, until sauce thickens, about 5 minutes.', 'Add broth and broth and broth to pot and cook']"
train,model,Resnet50,yogurt-marinated-chicken-kebabs-with-aleppo-pepper-353832.jpg,True,-1,Grilled grilled grilled steak with lime juice,"['salt', 'oil', 'pepper', 'garlic', 'juice', 'lemon', 'vinegar', 'lime', 'sauce']","['Prepare grill for medium-high heat. grill for gas grill for gas grill for gas grill for gas grill for gas grill for gas grill for gas grill for gas grill for gas grill for gas grill for gas grill for gas grill for gas grill, turning occasionally, until charred, about 5 minutes per side. grill grill grill grill, turning occasionally, until charred and charred, about 5 minutes. grill grill grill, turning occasionally, until charred and charred, about 5 minutes. grill grill, turning occasionally, until charred, about 5 minutes. grill grill, turning occasionally, until charred and charred, about 5 minutes. grill, turning occasionally, until charred and charred, about 5 minutes. transfer to a cutting board and grill,']"
train,model,Resnet50,chocolate-chip-and-peanut-blondies-353839.jpg,True,-1,Chocolate chip cake,"['sugar', 'salt', 'butter', 'egg', 'flour', 'vanilla', 'cream', 'chocolate', 'soda', 'pan', 'cocoa']","['Preheat oven to 350â°f. line a baking pan with parchment paper.', 'Sift flour, baking soda, baking soda, baking soda, and salt in a medium bowl.', 'Whisk together flour, baking powder, baking soda, baking soda, and salt in a medium bowl. add eggs and beat until combined. add eggs and vanilla and vanilla. add eggs and vanilla and vanilla.', 'Beat in a medium bowl until combined. add eggs and vanilla and beat until combined. add eggs and vanilla and vanilla.', 'Divide batter among prepared sheet. bake until tester inserted into center comes out clean, about 25 minutes.', 'Bake until golden brown and tester inserted into center comes out clean, about 2 minutes.']"
train,model,Resnet50,manchego-cheese-and-garlic-dogs-353786.jpg,True,-1,Grilled tomato salad with tomatoes and tomatoes,"['oil', 'salt', 'pepper', 'garlic', 'onion', 'tomato', 'vinegar', 'olive', 'juice', 'lemon']","['Preheat oven to 400â°f. toss tomatoes, garlic, garlic, garlic, and 1 tablespoon olive oil in a large bowl. season with salt and pepper.', 'Toss tomatoes, tomatoes, tomatoes, and 1 tablespoon olive oil in a large bowl. season with salt and pepper.', 'Toss tomatoes, tomatoes, and remaining tomatoes in a large bowl. season with salt and pepper.']"
train,model,Resnet50,blueberry-crumb-bars-353822.jpg,True,-1,Chocolate chip cookies,"['salt', 'sugar', 'butter', 'egg', 'flour', 'vanilla', 'cream', 'chocolate', 'pan', 'soda']","['Preheat oven to 350â°f. line a rimmed baking sheet with parchment paper.', 'Sift flour, baking soda, baking soda, baking soda, and salt in a medium bowl.', 'Whisk together flour, baking soda, baking soda, baking soda, and salt in a medium bowl. add eggs and beat until combined. add eggs and vanilla and vanilla.', 'Beat in a medium bowl until combined. add eggs and vanilla and vanilla. add eggs and vanilla and vanilla. stir until combined.', 'Divide batter among prepared baking sheet. bake until tester inserted into center comes out clean, about 25 minutes.', 'Bake cookies until golden brown and golden brown, about 30 minutes.']"
train,model,Resnet50,chickpea-pizza-353783.jpg,True,-1,Fried eggs,"['salt', 'oil', 'pepper', 'garlic', 'onion', 'egg', 'lemon', 'juice', 'flour']","['Heat oil in a large skillet over medium-high heat. add onion and cook, stirring occasionally, until golden brown, about 5 minutes. add garlic and cook, stirring occasionally, until fragrant, about 5 minutes. add eggs and cook, stirring occasionally, until fragrant, about 5 minutes. add eggs and cook, stirring occasionally, until fragrant, about 5 minutes. add eggs and cook, stirring occasionally, until just tender, about 5 minutes. add pasta and cook, stirring occasionally, until just tender, about 5 minutes. add pasta and stir to combine.', 'Add pasta and cook, stirring, until sauce is absorbed, about 2 minutes. add pasta and stir in reserved pasta and serve.']"
train,model,Resnet50,beer-braised-hot-dogs-with-braised-sauerkraut-353818.jpg,True,-1,Spiced onion and onion,"['oil', 'sugar', 'garlic', 'onion', 'egg', 'cream', 'flour']","['Preheat oven to 350â°f. line a baking sheet with parchment paper.', 'Whisk together flour, sugar, and salt in a large bowl. add onion and toss to coat.', 'Whisk together flour, baking powder, and salt in a large bowl. add eggs and toss to coat.', 'Bake until golden brown, about 30 minutes.', 'Meanwhile, whisk together flour, baking powder, and remaining 1 tablespoon oil in a large bowl. add eggs and toss to coat.', 'Bake until golden brown, about 30 minutes.']"
train,model,Resnet50,harissa-onion-dogs-with-preserved-lemon-relish-353817.jpg,True,-1,Grilled red onion salad,"['oil', 'salt', 'garlic', 'onion', 'olive', 'vinegar', 'juice', 'lemon']","['Heat the olive oil in a large skillet over medium heat. add the garlic and sautã© until the garlic is tender, about 5 minutes. add the garlic and sautã© until the garlic is tender, about 5 minutes. add the olive oil and sautã© until the garlic is translucent, about 5 minutes. add the olive oil and sautã© until the onions are soft and the garlic is soft, about 5 minutes. add the olive oil and sautã© until the onions are soft and the heat to the heat. add the olive oil and sautã© until the onions are soft and the onions are soft, about 5 minutes. add the olive oil and sautã© until the onions are soft and the onions are soft and the heat to the heat. add the olive oil']"
train,model,Resnet50,cherry-tomatoes-stuffed-with-marinated-feta-353773.jpg,True,-1,Grilled red onion salad,"['oil', 'salt', 'pepper', 'garlic', 'onion', 'olive', 'vinegar', 'juice', 'lemon']","['Prepare a grill for medium-high heat. grill for medium-high heat. grill, turning occasionally, until charred, about 4 minutes. transfer to a plate; let cool.', 'Cut garlic into a large bowl; season with salt and pepper.', 'Toss onion, garlic, and lemon juice in a large bowl. season with salt and pepper.']"
train,model,Resnet50,coconut-lime-bars-with-hazelnut-shortbread-crust-353820.jpg,True,-1,Lemon and lemon,"['sugar', 'salt', 'oil', 'pepper', 'water', 'egg', 'cream', 'juice', 'lemon', 'vanilla']","['Preheat oven to 350â°f. line a rimmed baking sheet with parchment paper.', 'Whisk together sugar, lemon juice, and salt in a medium bowl. add eggs and toss to coat.', 'Whisk together eggs, lemon juice, and salt in a large bowl. add eggs and toss to coat.', 'Bake until golden brown and golden brown, about 25 minutes.']"
train,model,Resnet50,blueberry-oat-scones-353777.jpg,True,-1,Gluten-free cream pie,"['salt', 'oil', 'sugar', 'butter', 'flour', 'egg', 'vanilla', 'cream']","['Preheat oven to 350â°f. line a rimmed baking sheet with parchment paper.', 'Whisk together flour, baking powder, salt, and baking powder in a medium bowl. add eggs and vanilla and vanilla. add egg mixture and vanilla. stir until combined.', 'Add flour mixture and vanilla and stir until combined.', 'Add flour mixture and vanilla. stir until combined.', 'Bake until golden brown, about 30 minutes.']"
train,model,Resnet50,tamarind-and-vodka-cocktail-353814.jpg,True,-1,Ginger ginger,"['juice', 'lemon', 'water', 'lime', 'sugar', 'ginger', 'syrup']","['Bring sugar, sugar, and 1/2 cup water to a boil in a boil over medium heat, stirring until sugar dissolves. reduce heat and simmer until reduced to low and reduced by 2 minutes. strain through a fine-mesh sieve into a fine-mesh sieve into a fine-mesh sieve into a fine-mesh sieve into a bowl. add ginger and stir until sugar dissolves.', 'Add ginger and stir until sugar is dissolved. add ginger and stir until sugar is dissolved.', 'Divide among glasses. garnish with lime wedges.']"
train,model,Resnet50,grilled-nectarines-with-feta-353784.jpg,True,-1,Grilled red onion salad,"['oil', 'salt', 'pepper', 'garlic', 'onion', 'olive', 'lemon', 'juice', 'cilantro', 'egg', 'vinegar', 'seed']","['Heat the olive oil in a large skillet over medium heat. add the onion and sautã© until the onion is translucent, about 5 minutes. add the garlic and sautã© for 5 minutes, stirring occasionally, until the garlic is fragrant, about 5 minutes. add the garlic and cook for 10 minutes. add the onion and cook for 10 minutes, stirring occasionally, until the garlic is translucent, about 5 minutes. add the garlic and cook for 10 minutes. add the onion and cook for 10 minutes, stirring occasionally, until the liquid is thickened, about 5 minutes. add the eggs and stir to the eggs and cook for 5 minutes. add the eggs and stir to the eggs and serve.']"
train,model,Resnet50,chicken-stew-em-doro-wett-em-353750.jpg,True,-1,Grilled onion and onion,"['salt', 'oil', 'pepper', 'garlic', 'onion', 'egg', 'juice', 'lemon']","['Heat oil in a large heavy pot over medium heat. add onion and cook, stirring occasionally, until softened, about 5 minutes. add garlic and cook, stirring occasionally, until fragrant, about 5 minutes. add onion and cook, stirring occasionally, until fragrant, about 5 minutes. add onion and cook, stirring occasionally, until fragrant, about 2 minutes. add pasta and cook, stirring occasionally, until thickened, about 2 minutes. add pasta and cook, stirring occasionally, until thickened, about 2 minutes. add pasta and cook, stirring occasionally, until thickened, about 2 minutes. add pasta and cook, stirring occasionally, until thickened, about 2 minutes. add pasta and cook, stirring occasionally, until thickened, about 2 minutes']"
train,model,Resnet50,no-bake-chocolate-raspberry-cream-pie-353789.jpg,True,-1,Chocolate cake,"['sugar', 'cream', 'vanilla', 'butter', 'egg', 'chocolate', 'juice', 'lemon', 'flour', 'pan', 'ice']","['Preheat oven to 350â°f. butter a 9-inch round cake pan with parchment paper.', 'Whisk together flour, sugar, and salt in a medium bowl until smooth. add eggs and vanilla and vanilla. add eggs and vanilla. add eggs and vanilla. add chocolate mixture to combine.', 'Whisk flour, vanilla, and vanilla in a medium bowl until smooth. add eggs and vanilla and vanilla. add chocolate mixture to combine.', 'Whisk in vanilla and vanilla. add chocolate mixture to combine.', 'Divide batter among glasses and bake until firm, about 30 minutes.']"
train,model,Resnet50,cheese-sauce-353749.jpg,True,-1,Lemon and lemon,"['salt', 'sugar', 'pepper', 'garlic', 'juice', 'lemon', 'onion', 'cream']","['Preheat oven to 350â°f. toss onion, garlic, lemon juice, and salt in a large bowl. add onion and toss to coat.', 'Combine onion, lemon juice, lemon juice, lemon juice, and lemon juice in a large bowl. add onion mixture and toss to coat.', 'Add onion and toss to coat.']"
